<?xml version="1.0" encoding="UTF-8"?>
<project-private xmlns="http://www.netbeans.org/ns/project-private/1">
    <editor-bookmarks xmlns="http://www.netbeans.org/ns/editor-bookmarks/2" lastBookmarkId="0"/>
    <open-files xmlns="http://www.netbeans.org/ns/projectui-open-files/2">
        <group>
            <file>file:/C:/Users/Acer/Documents/NetBeansProjects/PawnshopSystem/src/pawnshopsystem/Dashboard.java</file>
            <file>file:/C:/Users/Acer/Documents/NetBeansProjects/PawnshopSystem/src/pawnshopsystem/Records.java</file>
            <file>file:/C:/Users/Acer/Documents/NetBeansProjects/PawnshopSystem/src/pawnshopsystem/UpdateItemForm.java</file>
            <file>file:/C:/Users/Acer/Documents/NetBeansProjects/PawnshopSystem/src/pawnshopsystem/Receipt.java</file>
            <file>file:/C:/Users/Acer/Documents/NetBeansProjects/PawnshopSystem/src/pawnshopsystem/PaymentMonitoringForm.java</file>
            <file>file:/C:/Users/Acer/Documents/NetBeansProjects/PawnshopSystem/src/pawnshopsystem/PaymentForm.java</file>
            <file>file:/C:/Users/Acer/Documents/NetBeansProjects/PawnshopSystem/src/pawnshopsystem/Login.java</file>
            <file>file:/C:/Users/Acer/Documents/NetBeansProjects/PawnshopSystem/src/pawnshopsystem/AddItem.java</file>
        </group>
    </open-files>
</project-private>
